"conversation_id_str","created_at","favorite_count","full_text","id_str","image_url","in_reply_to_screen_name","lang","location","quote_count","reply_count","retweet_count","tweet_url","user_id_str","username"
"1880766993726636255","Sat Jan 18 23:59:28 +0000 2025","9","Presiden Prabowo angkat bicara terkait dengan wacana bantuan zakat dlm mendanai Program Makan Bergizi Gratis. Menurutnya setiap pihak boleh membantu utk menyukseskan program MBG asal efisien Botak lepas Doktif Chiesa $TRUMP selebgram hits 2025 shawn mendes arteta getafe https://t.co/QH32EyxQUJ","1880766993726636255","https://pbs.twimg.com/ext_tw_video_thumb/1880766938110119937/pu/img/xMZL5tHQttxpBhMs.jpg","","in","Indonesia","1","3","9","https://x.com/Nutri_sar1/status/1880766993726636255","1569721726359195649","Nutri_sar1"
"1880766969198301539","Sat Jan 18 23:59:23 +0000 2025","7","Penjabat Gubernur Papua Ramses Limbong mengungkapkan bahwa program MBG di Papua akan disesuaikan dgn kondisi dan kearifan lokal. Dengan penyesuaian ini diharapkan program MBG dpt lebih efektif dan sesuai dgn kebutuhan masyarakat Papua. #TumpasOPM_JagaPapua Botak lepas Doktif https://t.co/M7kiWuo9ws","1880766969198301539","https://pbs.twimg.com/media/GhnTlifaQAA64zG.jpg","","in","","1","1","7","https://x.com/alfiah67/status/1880766969198301539","1492516437482610690","alfiah67"
"1880766863514497481","Sat Jan 18 23:58:57 +0000 2025","9","Meskipun kita mempunyai pilihan politik yang berbeda kita tetap merupakan bangsa yang menghormati perbedaan dan berkomitmen untuk membangun masa depan bersama tanpa ada keributan. Botak lepas Doktif Chiesa $TRUMP selebgram hits 2025 shawn mendesarteta getafe https://t.co/hLBPBTM9aJ","1880766863514497481","https://pbs.twimg.com/media/GhnTfrYbkAA9nka.jpg","","in","","1","3","9","https://x.com/night_sandi/status/1880766863514497481","2221352234","night_sandi"
"1880766793108894007","Sat Jan 18 23:58:41 +0000 2025","7","Pemerintah resmikan gudang logistik Distrik Agandugume Papua Tegah. Gudang logistik ini merupakan upaya pemerintah utk mencegah terjadinya bencana kelaparan di Papua serta memfasilitasi lumbung pangan utk kawasan Agandugume. #TumpasOPM_JagaPapua Botak lepas Doktif Chiesa $TRUMP https://t.co/PdReoSlWLe","1880766793108894007","https://pbs.twimg.com/media/GhnTbUbbgAAZam8.jpg","","in","","0","2","7","https://x.com/alfiah67/status/1880766793108894007","1492516437482610690","alfiah67"
"1880765659845701741","Sat Jan 18 23:58:40 +0000 2025","2","@tanyarlfes Semoga doktif menang dok","1880766790256779628","","tanyarlfes","in","","0","0","0","https://x.com/minato_nami19/status/1880766790256779628","1543874228654845952","minato_nami19"
"1880766625739321661","Sat Jan 18 23:58:01 +0000 2025","7","Perbedaan pandangan dan pilihan politik merupakan hal yang wajar terjadi dalam sebuah kontestasi politik. Namun Karena itu meski berbeda pilihan sejatinya semua masyarakat memiliki tujuan yang sama yaitu Indonesia. _ Botak lepas Doktif Chiesa $TRUMP selebgram hits 2025 shawn https://t.co/UL57f9CyzJ","1880766625739321661","https://pbs.twimg.com/media/GhnTRoubgAA0qW1.jpg","","in","","0","2","7","https://x.com/alfiah67/status/1880766625739321661","1492516437482610690","alfiah67"
"1880766555895873734","Sat Jan 18 23:57:44 +0000 2025","7","Presiden Prabowo meminta semua kementerian/lembaga saling bekerja sama agar program makan bergizi gratis dapat dinikmati semua penerima manfaat. Presiden Prabowo berencana menambah anggaran program tersebut. Botak lepas Doktif Chiesa $TRUMP selebgram hits 2025 shawn mendesarteta https://t.co/aHS9IYGw3s","1880766555895873734","https://pbs.twimg.com/media/GhnTNg9bcAEPbZo.jpg","","in","","1","1","7","https://x.com/alfiah67/status/1880766555895873734","1492516437482610690","alfiah67"
"1880766403298660638","Sat Jan 18 23:57:08 +0000 2025","8","Presiden Prabowo mempersilahkan pemerintah daerah apabila ingin membantu membiayai program makan bergizi gratis. Beliau mengatakan pemerintah membuka pintu bagi siapapun yg mau terlibat dalam program unggulan tersebut. _ Botak lepas Doktif Chiesa $TRUMP selebgram hits 2025 shawn https://t.co/KceLZY7XHk","1880766403298660638","https://pbs.twimg.com/ext_tw_video_thumb/1880766286281777152/pu/img/ap1NZ14PmJQ6v36m.jpg","","in","","1","3","7","https://x.com/alfiah67/status/1880766403298660638","1492516437482610690","alfiah67"
"1880766392817062152","Sat Jan 18 23:57:05 +0000 2025","9","Presiden Prabowo Optimistis Pertumbuhan Ekonomi Indonesia Capai 8 Persen Presiden Prabowo Subianto menyampaikan keyakinannya bahwa Indonesia mampu mencapai target pertumbuhan ekonomi sebesar 8 persen Botak lepas Doktif Chiesa $TRUMP selebgram hits 2025 shawn mendesarteta getafe https://t.co/2dBhQMM6EN","1880766392817062152","https://pbs.twimg.com/media/GhnTEI6boAERIcP.jpg","","in","","2","3","6","https://x.com/alfiah67/status/1880766392817062152","1492516437482610690","alfiah67"
"1880765659845701741","Sat Jan 18 23:54:10 +0000 2025","150"," Siapa yg ga sabar nungguin presscon nya doktif besok senin? Kita lihatt fakta-fakta apa aja yg bakal diungkap doktif mana katanya banyak org-org terkenal yg diundang gess https://t.co/4BWqoKg9nE","1880765659845701741","https://pbs.twimg.com/media/GhnSZiKbIAAMs4D.jpg","","in","Indonesia","1","32","8","https://x.com/tanyarlfes/status/1880765659845701741","1371650588","tanyarlfes"
"1880764990149550354","Sat Jan 18 23:51:31 +0000 2025","1","Pink pink viral acha hijab https://t.co/Z3Hy4Nm66p https://t.co/Q9IgaS92AZ https://t.co/NqqvgpAQ4R https://t.co/Ub2oe3eoBF Minggu pagiii indo lokal viral video towel azka botak #Pejuhin partey lepas doktif https://t.co/Nh8PefCYUU","1880764990149550354","https://pbs.twimg.com/media/GhnRyQhb0AAGucf.jpg","","in","","0","0","0","https://x.com/essevce/status/1880764990149550354","906851233","essevce"
"1880437537719935011","Sat Jan 18 23:50:36 +0000 2025","0","@whoopziiy Doktif itu dokter fiktif ?","1880764761157365992","","whoopziiy","in","","0","0","0","https://x.com/Todayaremine/status/1880764761157365992","1810372719101497344","Todayaremine"
"1880406034566586401","Sat Jan 18 23:46:21 +0000 2025","1","@czthiswillbeend @nekoookawaix @convomf Udah cair bayarannya belum? Btw otak bisa dipake ga? Kalau di kasih tau bisa habis itu yg ngasih sampel ke doktif itu aja kok ga bisa mikir️","1880763690963841191","","czthiswillbeend","in","","0","0","0","https://x.com/chocowhitemei/status/1880763690963841191","1211447992525320192","chocowhitemei"
"1880763565239607706","Sat Jan 18 23:45:51 +0000 2025","0","Baru nonton full ini ga seru ributnya doktif cocokan ributnya sama kak fitri soalnya sama2 ga amburadul ributnya nah ss mending ributnya sama nikmir bestttttt pasti wkwkwkwkw","1880763565239607706","","","in","","0","1","0","https://x.com/hujanderasnya/status/1880763565239607706","1619554759152910337","hujanderasnya"
"1880763351082615112","Sat Jan 18 23:45:00 +0000 2025","1","OPM Harus Ditumpas dengan tindakan tegas untuk Kedamaian di Tanah Papua Minggu Pagiii #penuhigiziindonesia Malam Minggu Malming Pedri Azka Uya Kuya selebgram hits 2025 Parkir Tidur FIRST MEET US giselle nct Doktif ahmad khozinudin hti petrokimia Gresik #solusiagroindustri $TRUMP https://t.co/Tfp73uuUKG","1880763351082615112","https://pbs.twimg.com/media/GhnQK36aIAABXjP.jpg","","in","Alone","0","2","0","https://x.com/hafizcicabo/status/1880763351082615112","1394556948","hafizcicabo"
"1880762956558037300","Sat Jan 18 23:43:26 +0000 2025","1","Pilkada Telah Usai Mari bersama jaga kedamaian di tanah Papua Minggu Pagiii #penuhigiziindonesia Malam Minggu Malming Pedri Azka Uya Kuya selebgram hits 2025 Parkir Tidur FIRST MEET US giselle nct Doktif ahmad khozinudin hti petrokimia Gresik #solusiagroindustri $TRUMP https://t.co/aZ0wgo3Urm","1880762956558037300","https://pbs.twimg.com/media/GhnPyNLa0AA9C97.jpg","","in","Papua, Indonesia","0","1","0","https://x.com/paceeyaklep/status/1880762956558037300","471619911","paceeyaklep"
"1880762761531314579","Sat Jan 18 23:42:39 +0000 2025","1","Bersama kita Jaga Kedamaian Pasca Pelaksanaan Pilkada Minggu Pagiii #penuhigiziindonesia Malam Minggu Malming Pedri Azka Uya Kuya selebgram hits 2025 Parkir Tidur FIRST MEET US giselle nct Doktif ahmad khozinudin hti petrokimia Gresik #solusiagroindustri $TRUMP https://t.co/d5uaJ2d5Jl","1880762761531314579","https://pbs.twimg.com/media/GhnPqTua8AA8rgb.jpg","","in","Papua, Indonesia","0","1","0","https://x.com/paceeyaklep/status/1880762761531314579","471619911","paceeyaklep"
"1880762363252777217","Sat Jan 18 23:41:04 +0000 2025","4","Merauke Siap Wujudkan Swasembada Pangan Nasional Minggu Pagiii #penuhigiziindonesia Malam Minggu Malming Pedri Azka Uya Kuya selebgram hits 2025 Parkir Tidur FIRST MEET US giselle nct Doktif ahmad khozinudin hti petrokimia Gresik #solusiagroindustri $TRUMP https://t.co/X9Hb7GndoB","1880762363252777217","https://pbs.twimg.com/media/GhnPWC-aIAAXNAi.jpg","","in","Papua, Indonesia","0","3","1","https://x.com/Papuanewss/status/1880762363252777217","2821072171","Papuanewss"
"1880762283783242001","Sat Jan 18 23:40:45 +0000 2025","5","Food Estate di Merauke Dukung Pencapaian Swasembada Pangan Minggu Pagiii #penuhigiziindonesia Malam Minggu Malming Pedri Azka Uya Kuya selebgram hits 2025 Parkir Tidur FIRST MEET US giselle nct Doktif ahmad khozinudin hti petrokimia Gresik #solusiagroindustri $TRUMP https://t.co/ReVRImnKMK","1880762283783242001","https://pbs.twimg.com/media/GhnPQEDa0AAmxb-.jpg","","in","Papua, Indonesia","0","2","2","https://x.com/Papuanewss/status/1880762283783242001","2821072171","Papuanewss"
"1880302870760771980","Sat Jan 18 23:25:03 +0000 2025","0","@iwnnabeURBF @tanyarlfes Doktif kok bs tenang gitu ya? Klo dia adalah aku mgkin sdh kuanjing2in.","1880758332052668489","","iwnnabeURBF","in","","0","0","0","https://x.com/daniiixyz/status/1880758332052668489","1092216661317308416","daniiixyz"
"1880406034566586401","Sat Jan 18 23:23:14 +0000 2025","1","@convomf Emang penilaian Doktif selalu bener? Kalo BPOM mah jangan di tanya... Banyak.... ‍️‍️‍️","1880757872356982792","","convomf","in","","0","0","0","https://x.com/DiahOraAyu/status/1880757872356982792","1421121032937631746","DiahOraAyu"
"1880757741586944160","Sat Jan 18 23:22:43 +0000 2025","0","19/365 Ya Allah kali ini aku mohon menangkanlah aku di jalan yang terbaik menurut-Mu. Lancarkan langkahku menuju hal baik demi orang tuaku dan masa depanku. Aamiin Tags: Lepas Eren #ShaniWeddingDay Shawn Mendez Azka Tidur Jokowi Doktif Uya Kuya","1880757741586944160","","","in","Kota Blitar","0","0","0","https://x.com/luckyazharii/status/1880757741586944160","771607151835918336","luckyazharii"
"1880751529692672474","Sat Jan 18 23:22:27 +0000 2025","0","@yunuskedua iyaa contoh kaya doktif kemarin tetep tenang","1880757677086932992","","yunuskedua","in","","0","0","0","https://x.com/dimsumgemoy/status/1880757677086932992","1687555111","dimsumgemoy"
"1880413559273992428","Sat Jan 18 23:15:44 +0000 2025","2","@mazantoadeanto @kegblgnunfaedh Go go doktif. Bongkar skincare2 yg nipuu masyarakat itu semuaa. Udh rahasia umum banyak skincare2 indo ngasal krn ownernya cm mau kaya instan.. kalau tau prakteknya mereka mual pgn muntah saking ga punya hati nipu dan bodohin orang","1880755988082675854","","mazantoadeanto","in","","0","0","0","https://x.com/tiredeveryd4y/status/1880755988082675854","1550358151605944320","tiredeveryd4y"
"1880497179087040775","Sat Jan 18 23:14:51 +0000 2025","1","@OxellMp @halloserenity Laporin doang semua orang bisa ngelaporin karna itu geratis tunggu sidang ketok palu. Bisa aja org tersebut buat laporan tapi gak sama dgn konteks atau dia buat laporan di koar koarkan tapi di cabut diem diem supaya meredam amarah rakyat. Musuh doktif tuh banyak l","1880755763838386429","","OxellMp","in","","0","0","0","https://x.com/_kayu_manis_/status/1880755763838386429","1517727325848477696","_kayu_manis_"
"1880753943594348612","Sat Jan 18 23:07:37 +0000 2025","0","masi ngakakin banget liat record live yang ss merong merong jir sedangkan doktif bisa setenang itu sambil senyum aja","1880753943594348612","","","in","legal DNFWC","0","0","0","https://x.com/coquettv/status/1880753943594348612","825018332944306176","coquettv"
"1880752853901574444","Sat Jan 18 23:03:17 +0000 2025","0","Doktif","1880752853901574444","","","in","","0","0","0","https://x.com/Siscakoll/status/1880752853901574444","1471405523106811905","Siscakoll"
"1880752407845740816","Sat Jan 18 23:01:31 +0000 2025","1","TWS murah tapi ga murahan Bisa mode game juga yuk di co : https://t.co/4XcS4ZQZUL #SatuNegaraDuaPresiden Leao Yamal Liverpool Malaysia Doktif https://t.co/HDusV37YbG","1880752407845740816","https://pbs.twimg.com/media/GhnGWSUakAAg8kY.jpg","","in","","0","0","1","https://x.com/farhannrizkiii/status/1880752407845740816","146790793","farhannrizkiii"
"1880437537719935011","Sat Jan 18 22:58:50 +0000 2025","3","@Anyeliraddies @elsayul_twt @whoopziiy Mau bloonin juga deh. Lagian yg pada nyalahin doktif tuh kalian manusia² fomo yg gampang kemakan iklan. Klo kalian tuh gaada base ilmu ttg perskincarean dikasih tau ahlinya ya minimal makasih krn wajah ama dompet lu terselamatkan.","1880751731971383659","","Anyeliraddies","in","Tangerang","0","1","0","https://x.com/sisjoki/status/1880751731971383659","896012514445611008","sisjoki"
"1880743574620565881","Sat Jan 18 22:26:25 +0000 2025","0","Lagi rame banget masalah SS Nikita sama doktif","1880743574620565881","","","in","","0","0","0","https://x.com/ineuxrable/status/1880743574620565881","1685470849015619584","ineuxrable"
"1880437537719935011","Sat Jan 18 22:19:56 +0000 2025","1","@whoopziiy Klarifikasi doktif beli produk yang blm bpom https://t.co/wKSVC7zEHK","1880741945372492271","","whoopziiy","in","","0","0","1","https://x.com/vanfilut/status/1880741945372492271","1177354545464168448","vanfilut"
"1880302870760771980","Sat Jan 18 21:41:53 +0000 2025","7","@sherapic22 @tanyarlfes Yang bikin geget ngatain doktif bopeng terus doktif bilang bopeng ini gara2 jadi dokter pas covid. Malah kek dieejek sama pihak lawannya doktif. Kek heran bangett harusnya pas dijawab doktif gitu dia kesinggung. Selama covid mereka ada kontribusi apaan","1880732367448629679","","sherapic22","in","korea","0","1","0","https://x.com/Hellowmieh/status/1880732367448629679","1516353745713451012","Hellowmieh"
"1880302870760771980","Sat Jan 18 21:38:40 +0000 2025","170","@edelweisyaaaazh @tanyarlfes Walah buzzer ss harga 2 ribu/5 ribu sekarang sudah merambah ke X kah? Kemarin dirujak di tiktok aja kewalahan. Apa gara2 baca postingan bahwa 99% warga X belain doktif jadinya buzzernya merambah ke X juga? HAHAHAHA.","1880731559025905855","","edelweisyaaaazh","in","korea","0","0","0","https://x.com/Hellowmieh/status/1880731559025905855","1516353745713451012","Hellowmieh"
"1880722548650115280","Sat Jan 18 21:02:52 +0000 2025","0","Hasil live draw OREGON 03 19 JANUARI 2025 Result : 4185 Shio : Naga Selamat kepada para pemenang! #linitoto #situstogelonline #agentogelresmi #bandartogelonline #situstogelterpercaya #situstogelhadiahterbesar #Doktif","1880722548650115280","","","in","","0","0","0","https://x.com/linitoto1/status/1880722548650115280","345343620","linitoto1"
"1880437537719935011","Sat Jan 18 20:53:29 +0000 2025","0","@aliwijayawahid @whoopziiy boti minus IQ gaada doktif masyrakat indo di bodohi oleh seller overclaim dibayar berapa kau?","1880720188259377312","","aliwijayawahid","in","","0","0","0","https://x.com/agumm30/status/1880720188259377312","1719688261256585216","agumm30"
"1880716889334350018","Sat Jan 18 20:40:23 +0000 2025","1","gua sering liat doktif dan menurut gua bagus bagus aja apa yg disampaikan sama doktif jadi banyak rakyat yg gak dibodohin sama produk yg abal abal","1880716889334350018","","","in","Manchester, England","0","0","0","https://x.com/anticipatel0ve/status/1880716889334350018","1300923560894980096","anticipatel0ve"
"1880437537719935011","Sat Jan 18 20:39:56 +0000 2025","1","@whoopziiy Doktif yg ini mmg keren tapi doktif buzzer yg tak tamat s3 ini @DokterTifa lebih keren ( KERENTOL KEREN TOLOL)","1880716779670176041","","whoopziiy","in","Mount Weather Emergency ","0","0","0","https://x.com/Anti_relawanrp/status/1880716779670176041","1755559560071565312","Anti_relawanrp"
"1880406034566586401","Sat Jan 18 20:39:11 +0000 2025","4","@smartgirl1506 @convomf aneh aja tiba tiba mau jadi kepala bpom wkkwkwkw emang uda fix doktif lakuin semua itu tanpa kepentingan pribadi apapun? sekarang dan kedepannya?","1880716590569975911","","smartgirl1506","in","PAYMENT : DANA OVO GOPAY SPAY","0","3","0","https://x.com/JokiYourmath/status/1880716590569975911","1406420780104126472","JokiYourmath"
"1880302870760771980","Sat Jan 18 20:37:22 +0000 2025","70","@coch17_hayday @tanyarlfes @BPOM_RI Km kira BPOM akan mendukung doktif? Oh tentu gabisa mendukung doktif sama aja mengakui kalo kerja mereka ngga becus wkwkwkwk","1880716130400326099","","coch17_hayday","in","London, England","0","2","5","https://x.com/rraelst/status/1880716130400326099","1604335428240187392","rraelst"
"1880437537719935011","Sat Jan 18 20:16:35 +0000 2025","12","@elsayul_twt @whoopziiy Bloon setidaknya itu doktif ngasih info mahal. Daripada makin banyak korban skincare Abal Abal? Is not about you selfish. Yang pake skincare kayak gini juga rata rata gak ngerti skrng ada yang kasih tau dibilang gini?","1880710901298524336","","elsayul_twt","in","","0","1","0","https://x.com/Anyeliraddies/status/1880710901298524336","1837427708059701252","Anyeliraddies"
"1880710514768314784","Sat Jan 18 20:15:03 +0000 2025","0","ilmu tenangnya doktif oke juga ","1880710514768314784","","","in","winterfell","0","0","0","https://x.com/peceIbebek/status/1880710514768314784","1006439151560822784","peceIbebek"
"1880707851968250250","Sat Jan 18 20:04:28 +0000 2025","3","Jatah Malming Doktif tidur selebgram hits 2025 https://t.co/4yUNuZJRn6","1880707851968250250","https://pbs.twimg.com/media/Ghmdbl_b0AAIjqb.jpg","","in","","0","5","0","https://x.com/zzysugus/status/1880707851968250250","549143215","zzysugus"
"1880675318265991249","Sat Jan 18 20:00:21 +0000 2025","0","@tanyakanrl mirip doktif","1880706816679809294","","tanyakanrl","in","hati jaehyun","0","0","0","https://x.com/jcrepusculum/status/1880706816679809294","1263165992923889664","jcrepusculum"
"1880702454163284029","Sat Jan 18 19:43:01 +0000 2025","0","Mau ngikutin dramanya doktif sama ss cuma kok ngeri ngeri gitu yaa takut banget","1880702454163284029","","","in","","0","0","0","https://x.com/tezzael/status/1880702454163284029","1489570818430435330","tezzael"
"1880406034566586401","Sat Jan 18 19:38:36 +0000 2025","0","@convomf gini yaa klo misal doktif ini emng otaknya kotor licik knp sheila tantrum anjir klo ngerasa ga salah yaudah diem aja fokus naikin value produk jgn malah tantrum norak gtu kek ank sd aja ngelabrak . lu salah lu yg galak aneh sumpah","1880701343616368690","","convomf","in","","0","0","0","https://x.com/olyugonadu/status/1880701343616368690","1742214931297230848","olyugonadu"
"1880437537719935011","Sat Jan 18 19:24:22 +0000 2025","13","@elsayul_twt @whoopziiy haduh netizen twitter itu produk yang direview jelas jelas BPOM padahal ada kandungan berbahaya? trus dijelasin sama doktif yeee gimana masyarakat pada ga hebohhhhhh ANEHHH","1880697761206841432","","elsayul_twt","in","","0","0","0","https://x.com/ekseuan1/status/1880697761206841432","1255540178321461248","ekseuan1"
"1880406034566586401","Sat Jan 18 18:59:06 +0000 2025","0","@convomf sakit hati gua liatnya doktif dibilang bpng. main nya preman bowty","1880691401534619852","","convomf","in","","0","0","0","https://x.com/ratnadewi29r/status/1880691401534619852","1845790495886520320","ratnadewi29r"
"1880406034566586401","Sat Jan 18 18:40:24 +0000 2025","9","@yoake_6 @convomf BENERRR kalo memang kinerjanya sudah bagus gaakan ada orang-orang kaya doktif yang kekeuh bongkar bobroknya skincare-skincare berbahaya yang beredar gini. jadi tolong @BPOM_RI kalau gamau ada pihak luar yang terlibat silahkan pengawasan dan kinerjanya ditingkatkan.","1880686695081021884","","yoake_6","in","Kota Surabaya, Jawa Timur","0","0","1","https://x.com/0xyuun/status/1880686695081021884","1794254492902559744","0xyuun"
"1880686363005338062","Sat Jan 18 18:39:05 +0000 2025","0","gini loh @BPOM_RI kan ngasi peringatan kalo yang boleh mengumumkan hal kaya gini itu ya dari badan pom sendiri tapi sadar ga alasan kenapa banyak masyarakat masih dukung doktif? ini imbas banyaknya skincare atau obat yang ternyata ada kandungan berbahaya tp masih beredar.","1880686363005338062","","","in","Kota Surabaya, Jawa Timur","0","0","0","https://x.com/0xyuun/status/1880686363005338062","1794254492902559744","0xyuun"
"1880437537719935011","Sat Jan 18 18:32:22 +0000 2025","1","@sucitadewii_ @AbdiPrs @whoopziiy Nah suka deh ama kakaknya lagipula kalo mau belajar tentang skincare pun gak cuma doktif itu kok banyak loh dokter SpKK Sp.DV yg lebih edukatif yang reallll menyampaikan ilmu tanpa ada menjatuhkan satu sama lain.","1880684676609905101","","sucitadewii_","in","Indonesia","0","1","0","https://x.com/elsayul_twt/status/1880684676609905101","434950923","elsayul_twt"
"1880302870760771980","Sat Jan 18 18:29:52 +0000 2025","0","@tanyarlfes Gue akuin yg dilakukan doktif di awal2 bagus ya klu g mngkn brand2 tetap dg kenakalannya. Tp makin ke sini makin ke sono deh si doktif ini dah bnyak juga dibahas di youtube Deddy Corbuzier. Capek bgt gue liat kelakuan dokter2an ini. Itu knp ga dijwb aja si dpt produknya dr mana","1880684046390641033","","tanyarlfes","in","","0","4","0","https://x.com/jenonunaa/status/1880684046390641033","938065672633950209","jenonunaa"
"1880437537719935011","Sat Jan 18 18:25:56 +0000 2025","0","@whoopziiy gua sakit hati dengernya doktif dikatain bopeng marah banget dasar preman bowty","1880683055935013270","","whoopziiy","in","","0","0","0","https://x.com/ratnadewi29r/status/1880683055935013270","1845790495886520320","ratnadewi29r"
"1880679774357688692","Sat Jan 18 18:17:41 +0000 2025","0","@nylkambe reflek sungkem ke doktif","1880680980773765614","","nylkambe","in","","0","0","0","https://x.com/lailthoughts/status/1880680980773765614","1435385363225145344","lailthoughts"
"1880680537574215741","Sat Jan 18 18:15:56 +0000 2025","0","apalagi statement petinggi lu blg kalo org kaya doktif gbleh review produk orang lah kerja lu aja ledha-ledhe kocak. sehat-sehat deh.","1880680537574215741","","","in","#MotherhoodㅤㅡㅤFucking Well","0","0","0","https://x.com/unforgivenism/status/1880680537574215741","1780636893480415232","unforgivenism"
"1880675582419382515","Sat Jan 18 17:58:07 +0000 2025","0","@switchnickname kasian ya doktif di labrak boti :(","1880676056237228210","","switchnickname","in","","0","1","0","https://x.com/elenakimsh/status/1880676056237228210","1417377854606626816","elenakimsh"
"1880302870760771980","Sat Jan 18 17:57:50 +0000 2025","5","@aestylla @tanyarlfes Orang berpendidikan tidak menghiraukan gonggongan boti kak apalagi pas dijelasin muka doktif bopeng karena mengurus pasien covid responnya si boti kek peler bebek","1880675984808333781","","aestylla","in","Bandung Wetan, Indonesia","1","1","0","https://x.com/kopinggirsawah/status/1880675984808333781","1801188480405696512","kopinggirsawah"
"1880675808223870995","Sat Jan 18 17:57:08 +0000 2025","3","jir gua br liat video doktif dilabrak ss sambil nunjuk2 gasopan pdhl kan itu dokter ya bayangin si ss anak fk pasti udah kena goreng seumur idup + kena etik gr2 ga sopan ke dokter senior","1880675808223870995","","","in","","0","0","0","https://x.com/stefanusglng/status/1880675808223870995","1323186851788718080","stefanusglng"
"1880675582419382515","Sat Jan 18 17:56:14 +0000 2025","0","tl gue rame bener allahu berita nya doktif ribut lah trs ini onedoor jg rame bener ","1880675582419382515","","","in","02","0","1","0","https://x.com/switchnickname/status/1880675582419382515","1354083216618098690","switchnickname"
"1880674273179865149","Sat Jan 18 17:51:02 +0000 2025","0","Eh iya tau tp klo misalkan kita ga salah mending kyk si doktif yg elegan aja gitu ngapain takut orang kita ga salah wkwkwkk","1880674273179865149","","","in","","0","0","0","https://x.com/hanifprnm/status/1880674273179865149","1776005910676283392","hanifprnm"
"1880413559273992428","Sat Jan 18 17:16:50 +0000 2025","0","@kegblgnunfaedh Seru bgt ngikutin ini di tiktok jadi si doktif diserang sama shela saukia dkk perihal doktif yg ngereview produk shela. trus mau ditanya dpt produknya darimana tapi doktif gamau jawab cuman senyum2","1880665667646755035","","kegblgnunfaedh","in","","0","0","0","https://x.com/fiflms/status/1880665667646755035","4710621973","fiflms"
"1880437537719935011","Sat Jan 18 17:09:08 +0000 2025","0","@newwie_tine @smartgirl1506 @whoopziiy Di kasih bissa apa kak sama si doktif?","1880663727156113851","","newwie_tine","in","","0","0","0","https://x.com/StevanusMichel/status/1880663727156113851","1567038090916818944","StevanusMichel"
"1880437537719935011","Sat Jan 18 17:08:32 +0000 2025","0","@inimahseptiii @smartgirl1506 @whoopziiy Emang kamu tuhan? produser? Bisa nebak alur orang cerdas nggak selalu nya benar sayang jangan dibodohi gw juga awalnya tim doktif tapi lama' gw lihat' si doktif ini maksud dan tujuannya udah beda lagi kyk niat nya mau menjatuhkan dan menghancurkan brand ss sampai baju jg di kome","1880663579059446073","","inimahseptiii","in","","0","2","0","https://x.com/StevanusMichel/status/1880663579059446073","1567038090916818944","StevanusMichel"
"1880663572956737541","Sat Jan 18 17:08:31 +0000 2025","0","seru liat perseteruan antara doktif sm ss","1880663572956737541","","","in","","1","0","0","https://x.com/thiszizii/status/1880663572956737541","1659490170364891145","thiszizii"
"1880663300784218162","Sat Jan 18 17:07:26 +0000 2025","20","Ready azka malam minggu malming nahan doktif https://t.co/rR7VvgVVZg","1880663300784218162","https://pbs.twimg.com/ext_tw_video_thumb/1880663288700440576/pu/img/aEz3SkfaDjQw7rHH.jpg","","in","","0","38","7","https://x.com/sqihir/status/1880663300784218162","955095817","sqihir"
"1880661517164794179","Sat Jan 18 17:06:49 +0000 2025","0","yg bilang dia hanya edukasi dan menyelamatkan kulit wajah org indo i mean yes thank you mam for the hard work! TAPI Drl awalnya kayak doktif juga di sanjung-sanjung jg trs akhirnya jualan produk dan besar kepala ribut juga sana sini wkwk","1880663143351001149","","sharemumbles","in","","0","1","0","https://x.com/sharemumbles/status/1880663143351001149","1373620156224565248","sharemumbles"
"1880662642043617691","Sat Jan 18 17:04:49 +0000 2025","1","si botak itu kl ngomong gaada isinya anjir pas ngomongin tentang doktif doktif itu malah ngomong KALIAN SELAMA INI DITIPU!!! MAKE-UP SKINCARE ITU MENIPU ORANG!!! padahal istrinya suka ngontenin make-up... ga bayangin gmn perasaan istrinya","1880662642043617691","","","in","student of vcd @ unesa²⁴","0","0","0","https://x.com/anatherspears/status/1880662642043617691","1700842414951522304","anatherspears"
"1880437537719935011","Sat Jan 18 17:04:19 +0000 2025","0","@iparjogja @grizellexe @whoopziiy Klo dipikir' ya seandainya si doktif beritahu kan si ss bisa beri tahu reseller nya agar produk tersebut nggak di perjual belikan lagi karena overclaim dan nggak bagus demi menjaga nama baik dari brand ss","1880662516512284767","","iparjogja","in","","0","0","0","https://x.com/StevanusMichel/status/1880662516512284767","1567038090916818944","StevanusMichel"
"1880662358676131861","Sat Jan 18 17:03:41 +0000 2025","0","Kontroversi antara Doktif dan Shella Saukia memanas. Ulasan produk skincare berujung saling lapor ke polisi. Apa fakta lengkapnya? https://t.co/4Yim7MsT2Q","1880662358676131861","","","in","Madiun","0","0","0","https://x.com/radarmadiunweb/status/1880662358676131861","1404018642","radarmadiunweb"
"1880302870760771980","Sat Jan 18 17:02:42 +0000 2025","1","@Cyo9wbo @balleridna @tanyarlfes Dia komenin sheilla bukan doktif kak","1880662108616159432","","Cyo9wbo","in","soc","0","0","0","https://x.com/luprkive/status/1880662108616159432","1658609767127080960","luprkive"
"1880437537719935011","Sat Jan 18 17:02:31 +0000 2025","1","@iparjogja @grizellexe @whoopziiy Tapi yg di permasalahkan dsni bukan masalah data tapi kejelasan dari si doktif beli dimana produk ss yg baru sj di riview padahal kan udah nggak diperjual belikan yg seharusnya ngapain di riview si ss pun mempertanyakan hal tersebut untuk apa maksud dan tujuannya","1880662062566965294","","iparjogja","in","","0","1","0","https://x.com/StevanusMichel/status/1880662062566965294","1567038090916818944","StevanusMichel"
"1880661689177440381","Sat Jan 18 17:01:02 +0000 2025","0","Satu Indonesia dukung doktif","1880661689177440381","","","in","East Borneo, Indonesia","0","0","0","https://x.com/gataubanyak10/status/1880661689177440381","1787174851482120192","gataubanyak10"
"1880661517164794179","Sat Jan 18 17:00:21 +0000 2025","0","Jujur lama2 jadi sebel sama Doktif belio ni bener bener ga mau di tentang banget kayaknya","1880661517164794179","","","in","","0","1","0","https://x.com/sharemumbles/status/1880661517164794179","1373620156224565248","sharemumbles"
"1880485362189148280","Sat Jan 18 16:57:10 +0000 2025","0","@___btterfly makin lama makin bosen dah sm doktif ini","1880660718258999756","","___btterfly","in","","0","0","0","https://x.com/pinkm0_0d/status/1880660718258999756","1616818159","pinkm0_0d"
"1880660536263905564","Sat Jan 18 16:56:27 +0000 2025","0","doktif doktif ini kerennnnnn puollll anjrittt definisi cewe berkelas don t do drama brok","1880660536263905564","","","in","","0","1","0","https://x.com/vaniaaristaa/status/1880660536263905564","1115640744838959105","vaniaaristaa"
"1880660214602748278","Sat Jan 18 16:55:10 +0000 2025","0","real definisi doktif vs satwa liar sampe gak sanggup full liat &amp; dengerin suara yg ada di vt ttg potongan live ini. pusing &amp; berisik bgt bener2 kayak orang gak sekolah anjir","1880660214602748278","","","in","","0","0","0","https://x.com/wananaforlyf/status/1880660214602748278","992405736054444032","wananaforlyf"
"1880603725154456013","Sat Jan 18 16:48:57 +0000 2025","0","@narkosun Si doktif membongkar kualitas produk si pengusaha Aceh trus doi mendatangi pada saat live si doktif","1880658647715619263","","narkosun","in","","0","0","0","https://x.com/H3ll_boy99/status/1880658647715619263","1458249446177722373","H3ll_boy99"
"1880658026371449177","Sat Jan 18 16:46:29 +0000 2025","0","doktif ini seru banget anjir","1880658026371449177","","","in","minor dni.","0","0","0","https://x.com/rupinaur/status/1880658026371449177","1245944513245265920","rupinaur"
"1880650224143847456","Sat Jan 18 16:15:28 +0000 2025","0","WTS WTB READY WEEKEND AKUN APLIKASI PREMIUM MURAH DAN BERGARANSI AMAZON BSTATION CANVA CHATGPT CAPCUT DEEPL DISNEY HBOGO IQIYI LOKLOK NETFLIX PRIME TURNITIN VIDIO VIU WETV YOUTUBE ZOOM ️ https://t.co/6FftDs6gIz PERFECT COMBINATIONS Doktif Love Story #zonauang #zonajajan https://t.co/aq3Tlq1mmQ","1880650224143847456","https://pbs.twimg.com/media/GhlpaWpa4AAQVkS.jpg","","in","Indonesia","0","0","0","https://x.com/whvmsy/status/1880650224143847456","3471097812","whvmsy"
"1880649283277623412","Sat Jan 18 16:11:44 +0000 2025","0","tlg selamatkan gue dari fyp yg isinya huru hara doktif ss. wkwkwk. sumpah memancing bad energy bgt buat gue wkwk gmn sihhh caranya reset fyp gue pengen yg isinya resep2 dekor2 sm hal2 yg kocak aja plssss","1880649283277623412","","","in","St. Petersburg, Russia.","0","0","0","https://x.com/ayynoss28/status/1880649283277623412","457224167","ayynoss28"
"1880437537719935011","Sat Jan 18 16:09:40 +0000 2025","0","@whoopziiy Dih ss udik kampungan pakai bekingan kaum2 yg berak lancar. Pake blng doktif zolim..yg ada lu zholim sama masyarakat indonesia","1880648764761030689","","whoopziiy","in","","0","0","0","https://x.com/fadliandiparen/status/1880648764761030689","1738664197641396224","fadliandiparen"
"1880648598209356032","Sat Jan 18 16:09:01 +0000 2025","0","EHH DOKTIF SS PLISS STOP LEWAT FYPKU","1880648598209356032","","","in","","0","0","0","https://x.com/gidaryooo/status/1880648598209356032","1766990347354423296","gidaryooo"
"1880302870760771980","Sat Jan 18 16:06:41 +0000 2025","1","@coch17_hayday @tanyarlfes @BPOM_RI Doktif tetep slay kak meski backingan ss TNI sama polres. Suami doktif jg bukan org sembarangan sih dari yg ak baca","1880648011107496231","","coch17_hayday","in","Indonesia","0","0","0","https://x.com/itzmetiwii/status/1880648011107496231","725298517","itzmetiwii"
"1880406034566586401","Sat Jan 18 16:05:26 +0000 2025","1","@Ninokek @convomf yang bener aja lu itu doktif udah bener dia ngelindungin identitas reseller nya biar gak kenapa kenapa bukannya selese yang ada nanti muncul drama baru","1880647698786951304","","Ninokek","in","","0","0","0","https://x.com/Jsttaweirdo/status/1880647698786951304","1402163499409711106","Jsttaweirdo"
"1880647287766192395","Sat Jan 18 16:03:48 +0000 2025","0","kasus ss sm doktif bener2 seru bgt kl di blg berpihak kubu mana ya pasti kubu doktif lah doktif nih dah nyelamatin gue beli skincare yg pasti2 aja. sbnrnya pgn bodo amatan tp kubu sebelah buset dah ","1880647287766192395","","","in","","0","0","0","https://x.com/mxtchiey/status/1880647287766192395","746472225146970112","mxtchiey"
"1880643823287865830","Sat Jan 18 15:50:02 +0000 2025","0","seru coy drama nya doktif sama boti ","1880643823287865830","","","in","","0","1","0","https://x.com/lulaafav/status/1880643823287865830","1491005936747507719","lulaafav"
"1880643817419989349","Sat Jan 18 15:50:01 +0000 2025","0","sialan air mata gua masuk lagi perkara pertikaian doktif sama ss asu","1880643817419989349","","","in","difect","0","0","0","https://x.com/chocoyell/status/1880643817419989349","1165406287","chocoyell"
"1880437537719935011","Sat Jan 18 15:48:28 +0000 2025","1","@pretttlah @whoopziiy Ya makanya sama ajaaaa mau drl kek mau doktif atau sama yg ribut skrg si SS ini. Gw ga ada di pihak manapun. Drama dokter gajelas duuuh capedeh","1880643429241389314","","pretttlah","in","Indonesia","0","1","0","https://x.com/elsayul_twt/status/1880643429241389314","434950923","elsayul_twt"
"1880467691284361666","Sat Jan 18 15:48:22 +0000 2025","0","@oiokeenan @joytobgwn @mashi1ho @Hyaaluronic INTINYA HARUS NUNGGU SAMPE KAPAN BIAR BISA ADA YG REVIEW?? meanwhile penduduk indonesia udah banyak yg ketipu sm owner2 itu ada doktif tuh ya better than nothing broo","1880643402137764106","","oiokeenan","in","","0","1","0","https://x.com/usawubefore/status/1880643402137764106","1647971171781197824","usawubefore"
"1880643108435800138","Sat Jan 18 15:47:12 +0000 2025","1","doktif: https://t.co/4FyWHnr1d4","1880643108435800138","https://pbs.twimg.com/media/Ghli3xbbUAAcBZF.png","","in","sby","0","0","0","https://x.com/skaiviu/status/1880643108435800138","1380137373623754756","skaiviu"
"1880437537719935011","Sat Jan 18 15:46:07 +0000 2025","1","@whoopziiy Simple aja klo marah berarti dia emng salah klo santai dia mmang benar katanya udh gak di produksi 2 thn lalu tpi doktif masih bisa dapat itu gmna? Menurutku malah gak mngkin doktif asal beli di akun2 yg gak jelas buat dapatin produknya sih wkwkwkw ","1880642834631639387","","whoopziiy","in","plat KT","0","0","0","https://x.com/urbowty/status/1880642834631639387","1802947750973366273","urbowty"
"1880406034566586401","Sat Jan 18 15:45:03 +0000 2025","0","@czthiswillbeend @Isiancombro @convomf Spill komennya dong Aku gak membela doktif Tapi kalau emang gak salah kan bisa di tuntut aja si doktif ini kalau merasa gak bersalah dan itu bohong Kan gampang tinggal penjarain Gak perlu keroyokan","1880642569035800940","","czthiswillbeend","in","","0","2","0","https://x.com/sherapic22/status/1880642569035800940","1412022240145596417","sherapic22"
"1880642255880614318","Sat Jan 18 15:43:49 +0000 2025","3","ASTAGA SERU BGT DOKTIF VS SS gasabar siapa yg ple baju oren ini.. Aku d pihak doktif","1880642255880614318","","","in","Hallstatt","0","2","0","https://x.com/acarnanashh/status/1880642255880614318","1522512576608833536","acarnanashh"
"1880406034566586401","Sat Jan 18 15:40:53 +0000 2025","0","@Dalivxz_ @convomf Tonton ulang podcast nya kalo berkenan pahami alasan dia ga datang. Apa hasil dr podcast itu dan apa yg sebenarnya jadi tujuan doktif..","1880641520518443241","","Dalivxz_","in","Indonesia","0","1","0","https://x.com/putoktv_/status/1880641520518443241","1299406919782858752","putoktv_"
"1880406034566586401","Sat Jan 18 15:40:13 +0000 2025","2","@cranbyy @budapest_tm @convomf Sama walaupun posisinya misalnya kita bener Tapi sumpah main keroyokan apalagi bawa boty sama suaminya yg ringan tangan itu Pasti kalau gak ada hukum dan di video aku yakin pasti babak belur tuh doktif","1880641351135711680","","cranbyy","in","","0","0","0","https://x.com/sherapic22/status/1880641351135711680","1412022240145596417","sherapic22"
"1880406034566586401","Sat Jan 18 15:39:18 +0000 2025","0","@rzea00 @budapest_tm @convomf Rame kak Ngerii yg ada doktif babak belur","1880641119056466073","","rzea00","in","","0","0","0","https://x.com/sherapic22/status/1880641119056466073","1412022240145596417","sherapic22"
"1880437537719935011","Sat Jan 18 15:37:17 +0000 2025","13","@elsayul_twt @whoopziiy Ngikuti dari awal enggak kasusnya? drl duluan loh yg nyerang personal. Ngatain doktif gak punya keturunan.","1880640612585951380","","elsayul_twt","in","Kota Medan, Sumatera Utara","0","1","0","https://x.com/pretttlah/status/1880640612585951380","1262745917813223430","pretttlah"
"1880302870760771980","Sat Jan 18 15:36:08 +0000 2025","7","@edelweisyaaaazh @tanyarlfes Kalau mereka merasa bener knpa g langsung di usut aja tu doktif ga berani apa emang salah ? Sok2 an bawa rombongan norak bnget","1880640324961485208","","edelweisyaaaazh","in","","0","0","0","https://x.com/massan_100/status/1880640324961485208","1483814143841157122","massan_100"
"1880406034566586401","Sat Jan 18 15:35:21 +0000 2025","0","@convomf btw gue baru liat videonya dan yak gada mutu bgt ss labrak bawa2 bot1 gue jg kurang suka doktif cuma klo caranya si ss kaya gitu jijik bgt berasa savage banget kaliya bsa labrak begitu tp malah keliatan lemah &amp; cupu krn ga bsa one on one","1880640126294081779","","convomf","in","Malang, Jawa Timur","0","0","0","https://x.com/chizumatchaaaa/status/1880640126294081779","1598862808237871107","chizumatchaaaa"
"1880639868486943229","Sat Jan 18 15:34:19 +0000 2025","0","fyp gua doktif sama ss. yg gua salfokin tuh doktif bisa tenang bgt??! dia senyum terus. daebak salut si mental baja","1880639868486943229","","","in","","0","0","0","https://x.com/Nciky_/status/1880639868486943229","1368540744995069953","Nciky_"
"1880406034566586401","Sat Jan 18 15:32:53 +0000 2025","0","@vminppt_ @convomf Ngakak tapi kalau aku di posisi doktif walaupun bener tapi lemes juga Cok di keroyok beraninya keroyokan gak adil banget","1880639506757623979","","vminppt_","in","","0","0","0","https://x.com/sherapic22/status/1880639506757623979","1412022240145596417","sherapic22"
"1880302870760771980","Sat Jan 18 15:31:11 +0000 2025","16","@QingxuanMw @Gitbelle @tanyarlfes Pernah di posisi doktif wkwkwk punya bukti dan gak bersalah tapi kalau di keroyok kek gitu Walaupun kita keliatan berani pasti juga dalem hati ketakutan Jangankan ngomong jalan aja pasti lemes Karena posisinya kita di tuduh seakan-akan kita yg salah","1880639079567728888","","QingxuanMw","in","","0","1","0","https://x.com/sherapic22/status/1880639079567728888","1412022240145596417","sherapic22"
"1880437537719935011","Sat Jan 18 15:29:51 +0000 2025","1","@whoopziiy Trus awal mula sebelum unboxing sambil live itu apa??? Aku ga pernah denger merek ss soalnya. Cerita nya si ss ini udah tarik edar 2 th lalu tapi masih ada reseller yang jual trus doktif beli dan unboxing buat ngebuktiin kah? Apa gimanaaa? Ceritain sebelum live donggg","1880638742580564062","","whoopziiy","in","","0","1","0","https://x.com/AoiRuna230200/status/1880638742580564062","1717906219489488896","AoiRuna230200"
"1880406034566586401","Sat Jan 18 15:27:24 +0000 2025","15","@convomf Menurut gue doktif keren banget di sini karena sikapnya stoik gitu semacam Ya sudah silakan kalau mau marah tapi gue pilih kendalikan emosi gue. https://t.co/UsQQlJSi97","1880638125552325002","https://pbs.twimg.com/media/GhleaMUaUAAviAF.jpg","convomf","in","Indonesia","0","0","0","https://x.com/firantropi/status/1880638125552325002","1215946886349123585","firantropi"
"1880637280215552441","Sat Jan 18 15:24:02 +0000 2025","0","fyp ku penuh banget masalah doktif sama shella sauki kembalikan fyp cokipop ku plss","1880637280215552441","","","in","","0","0","0","https://x.com/ttwwoside/status/1880637280215552441","1659272578266181633","ttwwoside"
"1880635805162696791","Sat Jan 18 15:18:11 +0000 2025","0","KRONOLOGI PERSETERUAN DOKTIF DAN SHELLA SAUKIA NGLABRAKNYA JADI SOROTAN... https://t.co/N2tuLFLUMS via @YouTube doktif skincare shellasaukia satunegaraduapresiden nikita malming","1880635805162696791","","","in","","0","0","0","https://x.com/khoirinaumayah/status/1880635805162696791","1781320832553541632","khoirinaumayah"
"1880260876718243958","Sat Jan 18 15:18:09 +0000 2025","18","@araxx1720 @tanyakanrl Udah kaya lagi ketemu satwa lepas doktif keknya https://t.co/YyjLxJCrqM","1880635797948584186","https://pbs.twimg.com/media/GhlcOL4awAAdii5.jpg","araxx1720","in","","0","0","0","https://x.com/Azfrgel/status/1880635797948584186","1467941951362138113","Azfrgel"
"1880634972903772346","Sat Jan 18 15:14:52 +0000 2025","0","seru ya wak liat huru hara nikmir X shella suakia X doktif ","1880634972903772346","","","in","","0","0","0","https://x.com/yumaaaaft/status/1880634972903772346","4904369233","yumaaaaft"
"1880634529779720457","Sat Jan 18 15:13:07 +0000 2025","0","di tiktok rame kasusnya doktif tim nya doktif jg pasti takut si di kelilingin banyak boti gitu ","1880634529779720457","","","in","Tembalang 2, Indonesia","0","0","0","https://x.com/pattahpat/status/1880634529779720457","1220762965630013440","pattahpat"
"1880437537719935011","Sat Jan 18 15:10:05 +0000 2025","1","@cocksucka1234 @mikemayvitaa @whoopziiy udah kepikiran belum kalo doktif ngomong tuh reseller nya bakal gimana? bakal dihujat abissss sama netizen sedangkan reseller cuma menjual dan gimana kalo dia gak punya pengacara? kasian kan?","1880633768219918530","","cocksucka1234","in","","0","0","0","https://x.com/AstraLumine/status/1880633768219918530","1310107585031278592","AstraLumine"
"1880633742819201480","Sat Jan 18 15:09:59 +0000 2025","0","The Best Blender buat ngelengkapin isi dapur..Fuji doktif sherina dedi corbuzer agus juga pakai ini. Order toko oren https://t.co/o44P9DGkMC https://t.co/vTXze9G7EZ","1880633742819201480","https://pbs.twimg.com/ext_tw_video_thumb/1880633708396572673/pu/img/1GSBsebpJnuGJRlD.jpg","","in","Antah Berantah","0","0","0","https://x.com/Spill_Diskon_/status/1880633742819201480","712871713","Spill_Diskon_"
"1880437537719935011","Sat Jan 18 15:08:13 +0000 2025","0","@whoopziiy Parah banget dia kan bisa bawa tim cewe nya Tanpa perlu bawa cowok boty dan suaminya yg ringan tangan banget itu Gimana itu org mau ngomong kalau di keroyok duluan parah banget njir Pembully Walaupun gue gak terlalu suka juga dg doktif tapi si cewek ini emang keterlaluan sih","1880633300404076754","","sherapic22","in","","0","0","0","https://x.com/sherapic22/status/1880633300404076754","1412022240145596417","sherapic22"
"1880632470607200748","Sat Jan 18 15:04:56 +0000 2025","0","Di kasus ini aku dipihak NIKMIR dan DOKTIF Kasian nikmir udh dikhianati temen difitnah temen eh skrng si uler playing victim nauzubillahhhh","1880632470607200748","","","in","","0","0","0","https://x.com/Jell_squishy/status/1880632470607200748","1284480252748554242","Jell_squishy"
"1880632349114958274","Sat Jan 18 15:04:27 +0000 2025","0","doktif kuu","1880632349114958274","","","in","","0","0","0","https://x.com/roasteduck/status/1880632349114958274","1216234107157368832","roasteduck"
"1880631845467091024","Sat Jan 18 15:02:27 +0000 2025","0","komenan komenan soal doktif &amp; ss do lucu lucu bgt ik https://t.co/qDoRlnLBga","1880631845467091024","https://pbs.twimg.com/media/GhlYsWiacAACjo6.jpg","","in","","0","0","0","https://x.com/taehsosro/status/1880631845467091024","1258543988841144321","taehsosro"
"1880631770296799545","Sat Jan 18 15:02:09 +0000 2025","0","GW BUTUH RANGKUMAN DRAMA DOKTIF WKWKKW soalnya pusing nonton videonya suaranya tuh tinggi bgt kyk ngiung di telinga","1880631770296799545","","","in","mainly bts7","0","0","0","https://x.com/urfavjinnie/status/1880631770296799545","1013964366255775745","urfavjinnie"
"1880630641236295814","Sat Jan 18 14:57:39 +0000 2025","1","Shella saukia doktif dokter ika bla bla bla GOBLOG!!! PAKE NOH WARDAH VIVA SARIAYU MUSTIKARATU PIXY! Liat orang kaya berantem kok mau aja ikutan repot manusia2 ini.","1880630641236295814","","","in","","0","0","0","https://x.com/torchgingeure/status/1880630641236295814","112945505","torchgingeure"
"1880302870760771980","Sat Jan 18 14:53:53 +0000 2025","10","@harahap_ai70232 @iwnnabeURBF @tanyarlfes dia kalo ngomong cuma ngangengong ya udh lama diringkus polisi lah. kena pasalnya bnyk bgt. smpe skrng masih bebas ya krna yg dia bongkar tuh tau mrk jg slh makanya ga berani menjarain cuy. doktif jg gapunya brand apa apa buat dijual so yeah menurut gue dia pro masyarakat.","1880629693097066606","","harahap_ai70232","in","unknown","0","1","0","https://x.com/bungaaah_/status/1880629693097066606","33446384","bungaaah_"
"1880260876718243958","Sat Jan 18 14:53:15 +0000 2025","0","@tanyakanrl ternyata doktif juga dokter hewan gaes makanya dia bisa setenang itu ngadepinnya ","1880629532908286020","","tanyakanrl","in","Ngaglik, Indonesia","0","0","0","https://x.com/ngapantat/status/1880629532908286020","1710327276553027584","ngapantat"
"1880629292608221628","Sat Jan 18 14:52:18 +0000 2025","2","Malming letkol Squidward Nahan doktif keramas selebgram hits 2025 https://t.co/J18NaB9UPx https://t.co/CosgLkE1bT https://t.co/fe0c8kYij0 https://t.co/1qUnRfZwh6 https://t.co/s1zMZCabca https://t.co/6hxGwe4uA4","1880629292608221628","https://pbs.twimg.com/media/GhlWVkhaMAAIUVV.jpg","","in","linda.","0","0","0","https://x.com/lindatbrt/status/1880629292608221628","1833194691887566848","lindatbrt"
"1880474592868995476","Sat Jan 18 14:50:07 +0000 2025","0","@AbdillahZaman Pasti kaya doktif noh","1880628745499001323","","AbdillahZaman","in","Paris, IL","0","0","0","https://x.com/arojgan/status/1880628745499001323","1621356270275141632","arojgan"
"1880628638863053245","Sat Jan 18 14:49:42 +0000 2025","5","sumpah merinding bgt nonton live doktif serem bgtt yaAllah takuttttt. mana bahasanya kasar-kasar. mentalnya doktif juara sih ","1880628638863053245","","","in","Egypt","0","0","0","https://x.com/sassiej0urn4l/status/1880628638863053245","1807105498379931648","sassiej0urn4l"
"1880625629546328377","Sat Jan 18 14:49:37 +0000 2025","0","@Aquavo_ isinya doktif qris khabib msg ","1880628616591274470","","Aquavo_","in","he/him","0","1","0","https://x.com/hannissssssss/status/1880628616591274470","515336195","hannissssssss"
"1880302870760771980","Sat Jan 18 14:48:03 +0000 2025","12","@edelweisyaaaazh @tanyarlfes Misal memang doktif salah atau memanipulasi tinggal laporin pencemaran nama baik. Ga usah ngotot tereak gitu kak.","1880628222834139445","","edelweisyaaaazh","in","Indonesia","0","0","0","https://x.com/kuliteijo/status/1880628222834139445","1140197335001006080","kuliteijo"
"1880475889424830639","Sat Jan 18 14:47:36 +0000 2025","0","@PollarBear606 @suhrrreal doktif nikmir juga beli krim polosannya yang katanya udah 2 taun ga dijual ternyata masih bisa di belo gitu","1880628108132491439","","PollarBear606","in","she/her","0","1","0","https://x.com/fallinechie/status/1880628108132491439","1310572663530598405","fallinechie"
"1880406034566586401","Sat Jan 18 14:44:54 +0000 2025","12","@everyuje @convomf gua ngakak bgt ss sekalinya bawa pasukan ngondek semua gua kalo jd doktif jg mending diem dah terhibur wkwk. biasanya yg ngondek nyerocosnya lucu soalnya wkwk","1880627429494165620","","everyuje","in","","0","1","0","https://x.com/yuaneka/status/1880627429494165620","296158564","yuaneka"
"1880604377410633991","Sat Jan 18 14:43:53 +0000 2025","0","@sunchakoneww Mirip dr mananya si?? Alis doktif ajh ketutupan ","1880627174111330732","","sunchakoneww","in","homophobic DNI | FAN ACC","0","1","0","https://x.com/Mlshdp666/status/1880627174111330732","1548346542704119817","Mlshdp666"
"1880437537719935011","Sat Jan 18 14:41:42 +0000 2025","25","@aliwijayawahid @whoopziiy BPOM nya sih yg dipertanyakan knp produk yg mengandung bahan berbahaya bisa lolos. BPOM melarang doktif itu karna mereka cari aman aja. Yg pernah kerja di pabrik yg ada urusan sama BPOM pasti tau lah gimana ","1880626625982923063","","aliwijayawahid","in","","0","2","1","https://x.com/apaansihhh__/status/1880626625982923063","1338876975725703168","apaansihhh__"
"1880626234255987022","Sat Jan 18 14:40:09 +0000 2025","4","baru liat doktif sm ss ribut. serem anying","1880626234255987022","","","in","","0","2","0","https://x.com/itsmemuyyy/status/1880626234255987022","1673981921725140992","itsmemuyyy"
"1880437537719935011","Sat Jan 18 14:37:06 +0000 2025","1","@SamanthaMateo09 @whoopziiy gimna ga kabur si tolol satu lawan banyakan ya mending menghindar lahh pea banget!!! mau cuap cuap kebenaran juga si boti boti itu bacot bakal tetep kalah!! buktinya mereka lamgsung nyerang fisik doktif!!! boti tolol","1880625467541377394","","SamanthaMateo09","in","jkt-bgr","0","0","0","https://x.com/sisipittttt/status/1880625467541377394","1251818807535927300","sisipittttt"
"1880302870760771980","Sat Jan 18 14:35:29 +0000 2025","0","@tanyarlfes Semoga doktif ciduk skincare abal yg biasa live di sopi/tt yg hostnya putih kek tembok padal infus white","1880625061582999587","","tanyarlfes","in","0 Mdph AZSW","0","0","0","https://x.com/urfavthunder/status/1880625061582999587","102606738","urfavthunder"
"1880406034566586401","Sat Jan 18 14:27:49 +0000 2025","4","@convomf Alah bpom yang masalah paracetamol berbahaya buat anak kecil itu aja mereka ga jelas. Malah menurut ku dengan kehadiran doktif tuh kita yang awam ini bisa jadi lebih aware buat beli skincare overclaim.","1880623132475843048","","convomf","in","","0","0","0","https://x.com/biyourshine/status/1880623132475843048","1044586158162767872","biyourshine"
"1880623046249328732","Sat Jan 18 14:27:29 +0000 2025","0","lo pada ada yg ngikutin drama nya si doktif ga sih .seru anjay mff","1880623046249328732","","","in","","0","1","0","https://x.com/vianomecca/status/1880623046249328732","1861714731201085440","vianomecca"
"1880622428004790341","Sat Jan 18 14:25:01 +0000 2025","0","Ini kaka.. GPS Tracker pasti berguna banget.. bisa buat cari kunci hilang bisa buat dompet lupa taro Cek harga https://t.co/PdC9oth87X Nahan Doktif Malming #gpstracker #gpsgantungankunci #gpsmobil #gpskunci https://t.co/yi0EtddYMv","1880622428004790341","https://pbs.twimg.com/ext_tw_video_thumb/1880622315588960256/pu/img/sDaHQrGvs_MWkXcE.jpg","","in","Bekasi Timur, Indonesia","0","0","0","https://x.com/infoprodukoke/status/1880622428004790341","1763388140981788672","infoprodukoke"
"1880622415304339840","Sat Jan 18 14:24:58 +0000 2025","0","Seru banget doktif vs SS","1880622415304339840","","","in","Kota Tegal, Jawa Tengah","0","0","0","https://x.com/ayluYNS/status/1880622415304339840","406811838","ayluYNS"
"1880622131312201754","Sat Jan 18 14:23:51 +0000 2025","4","DOKTIF KEREN BANGET ANJIRRRR FAK LAH SHELLA SAUKIA","1880622131312201754","","","in","","0","1","1","https://x.com/thdvaa/status/1880622131312201754","1589211456192491521","thdvaa"
"1880467691284361666","Sat Jan 18 14:17:46 +0000 2025","0","@usawubefore @mashi1ho @Hyaaluronic Maaf bgt klo semisal aku gapaham. Tapi km tau dari mana aku nyari2 perspektif lain biar doktif ada kurangnya? G boleh y aku berpendapat dan bertanya? Kalo dibilang protes aku g segitunya aku cm khawatir jadi bias dan merasa kalau dokter sebaiknya nggak jualan krn ada etikanya","1880620602798870983","","usawubefore","in","","0","1","0","https://x.com/oiokeenan/status/1880620602798870983","1783446092216233984","oiokeenan"
"1880620317036703875","Sat Jan 18 14:16:38 +0000 2025","53","Buka dikit ah biar kang paket kepancing https://t.co/HqpqOQWkx0 https://t.co/7ceV2Vus91 https://t.co/rHPJEtOx6H Malming malam minggu nahan dagu doktif azka botak https://t.co/oaEtyAxEk0","1880620317036703875","https://pbs.twimg.com/media/GhlONOFaEAAadQh.jpg","","in","","0","21","21","https://x.com/ivelizeuy/status/1880620317036703875","2912746129","ivelizeuy"
"1880302870760771980","Sat Jan 18 14:13:12 +0000 2025","1","@tanyarlfes Yang bikin heran kok bisa doktif tahan dicecer begitu sama sel sel sama boti tapi tangannya ga nampar mrekasabar amat","1880619455073628579","","tanyarlfes","in","Old Trafford","0","0","0","https://x.com/BerlyMS/status/1880619455073628579","239706978","BerlyMS"
"1880585225681690977","Sat Jan 18 14:12:53 +0000 2025","39","@Chanyul124714 @TiffkatelyKate Doktif kan lindungin resellernya SS. Itu produk dari reseller udah ga dijual harusnya SS ngehubungin resellernya donk buat tarik kembali jualannya yg bahaya itu dan ganti uang resellernya tp dia ga. Sampe doktif yg borong biar skincare itu ga jatuh ketangan pembeli jg","1880619371867054582","","Chanyul124714","in","Earth","0","2","1","https://x.com/Viwit_Indomy/status/1880619371867054582","609136448","Viwit_Indomy"
"1880413559273992428","Sat Jan 18 14:12:16 +0000 2025","0","@kegblgnunfaedh Doktif mah s2 di amerika yg satunya lulusan sma wkwkwk","1880619216887542199","","kegblgnunfaedh","in","","0","0","0","https://x.com/nandamama712/status/1880619216887542199","1874248931871514625","nandamama712"
"1880617261087748225","Sat Jan 18 14:11:50 +0000 2025","0","ini harusnya bawa bodyguard si doktif (nikmir)","1880619111195328990","","physixche","in","","0","0","0","https://x.com/physixche/status/1880619111195328990","1509904182069051396","physixche"
"1880302870760771980","Sat Jan 18 14:11:03 +0000 2025","34","@bassilseed @edelweisyaaaazh @tanyarlfes yaudah salahnya apa?? selama ga ngerugiin kmu ga maksa kamu beli kan yg dijelekin jga yg produknya overclaim kayaknya kalo produknya bagus ga dijelekin deh atau ada yg doktif jelek2in tp sbenernya claimnya sesuai? kasi tau dong kali aja aku yg missed.","1880618910778859662","","bassilseed","in","Ahadun Ahad","0","3","0","https://x.com/eunseoktify/status/1880618910778859662","1256961378289672192","eunseoktify"
"1880618789219578207","Sat Jan 18 14:10:34 +0000 2025","19","Miki_Yosii - Ibu Memanjakan Anaknya Yang Jomblo https://t.co/x3qWg5ZzWH https://t.co/1MVmht5BTc https://t.co/0AdCs4wSgp https://t.co/qyuUzwgJsY https://t.co/pnCVs5EppR https://t.co/SrXi8f9QpN Malam Minggu Malming Nahan Azka Doktif #javsubindo #JAVindo #dood #DoodStream https://t.co/PTMg0w5VlZ","1880618789219578207","https://pbs.twimg.com/media/GhlM0kobgAAjS52.jpg","","in","Kota Palembang, Sumatera Selat","0","0","1","https://x.com/Javanese_1/status/1880618789219578207","3263519119","Javanese_1"
"1880302870760771980","Sat Jan 18 14:09:14 +0000 2025","0","@baniswityy @edelweisyaaaazh @tanyarlfes Sebenernya awal yg nyebut suneo itu NM trus netizen ikut2an akhirnya doktif ikut juga","1880618455940084005","","baniswityy","in","Bogor, Jawa Barat","0","0","0","https://x.com/CEW_Berlian/status/1880618455940084005","827156999087366144","CEW_Berlian"
"1880617376875692090","Sat Jan 18 14:04:57 +0000 2025","1","tldr doktif dong kmrn ribut sm siapa si","1880617376875692090","","","in","she / her ","0","0","0","https://x.com/realitygroove/status/1880617376875692090","1314934593116495873","realitygroove"
"1880617261087748225","Sat Jan 18 14:04:29 +0000 2025","0","lengah dikit gabuka tiktok tbtb war doktif lawan ss wkwkw","1880617261087748225","","","in","","0","1","0","https://x.com/physixche/status/1880617261087748225","1509904182069051396","physixche"
"1880616892714590668","Sat Jan 18 14:03:02 +0000 2025","0","kronologi konflik dokter detektif atau doktif vs shella saukia udah aku rangkum di sini ya guys in case kalau kalian belum tahu ceritanya https://t.co/lP70qgvgL4","1880616892714590668","","","in","","0","0","0","https://x.com/Yusrilkim2/status/1880616892714590668","1266978114850000896","Yusrilkim2"
"1880616755665727931","Sat Jan 18 14:02:29 +0000 2025","13","Sknd4l Bu Lurah Velisya Icii https://t.co/4bxt7f5l2t https://t.co/H05OqPRtnV https://t.co/AbWA0gxRhT https://t.co/Ap4BlfQczf https://t.co/oFbc5BreFq Doktif Nahan Selebgram hits 2025 Samawa https://t.co/8m6Zfq3fxt","1880616755665727931","https://pbs.twimg.com/media/GhlK98-awAAOWSv.jpg","","in","","0","2","8","https://x.com/AnaTaliaAaAna/status/1880616755665727931","1811816235941920768","AnaTaliaAaAna"
"1880437537719935011","Sat Jan 18 14:01:55 +0000 2025","1","@aliwijayawahid @whoopziiy Kayakyk sengajah menjatuhkan doktif.. ada yg byr ya ali.. cari kontol aja cari kontol sana.. opini lu disini ga berguna","1880616611813716275","","aliwijayawahid","in","","0","0","0","https://x.com/rebelsinurheart/status/1880616611813716275","246094160","rebelsinurheart"
"1880302870760771980","Sat Jan 18 14:00:34 +0000 2025","12","@edelweisyaaaazh @tanyarlfes Saran dengerin dari sisi kedua belah pihak. Gak bela doktif tapi dari penjelasannya dia dia mengatakan akan terus mengulik karena dia merasa dia terus diserang sampai data dirinya disebar di sosmed sama pihak yang bersangkutan. Prinsip beliau : lu jual gua beli","1880616274352562437","","edelweisyaaaazh","in","","0","0","0","https://x.com/Yusrilkim2/status/1880616274352562437","1266978114850000896","Yusrilkim2"
"1880437537719935011","Sat Jan 18 13:59:17 +0000 2025","13","@StevanusMichel @smartgirl1506 @whoopziiy doktif itu cerdas udh bener beliau diam. Krn melindungi resellernya kalo doktif sampe jwb udh pasti bakal dicari sm si ss dan bisa jd akan diintimidasi utk klarifikasi ataupun hal2 lainnya. Udh ketebak alurnya untung doktif ga kepancing.","1880615951219269903","","StevanusMichel","in","-","0","1","0","https://x.com/inimahseptiii/status/1880615951219269903","723750246224789505","inimahseptiii"
"1880585225681690977","Sat Jan 18 13:57:43 +0000 2025","16","@Chanyul124714 @zsaskiazz @TiffkatelyKate dibilang gak bisa ya gak bisa. ngeyel bgt lo. tindakan doktif itu udh bener. ga ngebeberin beli dimana.","1880615554710749618","","Chanyul124714","in","Jakarta Capital, Indonesia","0","1","0","https://x.com/neverdoesexist/status/1880615554710749618","1667566062966284288","neverdoesexist"
"1880615053227102241","Sat Jan 18 13:55:43 +0000 2025","0","mau nanya deh ini ss ngelabrak doktif dimana deh? studio kerja nya doktif atau dimana?","1880615053227102241","","","in","","0","0","0","https://x.com/ravgirl3/status/1880615053227102241","1461698584366104580","ravgirl3"
"1880614968363773996","Sat Jan 18 13:55:23 +0000 2025","550","Malming malam minggu rebahan dirumah azka nahan doktif https://t.co/TEA9iGu1pG","1880614968363773996","https://pbs.twimg.com/media/GhlJWNUacAAQM42.jpg","","in","Bali, Indonesia","0","50","22","https://x.com/APutriweee69/status/1880614968363773996","1850561954462703616","APutriweee69"
"1880609342514487455","Sat Jan 18 13:55:16 +0000 2025","0","@sunchakoneww ini efek bis nontonin live tiktoknya si doktif kali ah","1880614939284652517","","sunchakoneww","in","JoongDunk ‹3","0","0","0","https://x.com/JDnatchai/status/1880614939284652517","1667241307369263105","JDnatchai"
"1880614755125395492","Sat Jan 18 13:54:32 +0000 2025","0","cape liat vid shella saukia sm doktif itu krn ada filter tirusin wajah jir krn gerak filter nya jd on off gt salfok bgt","1880614755125395492","","","in","","0","1","1","https://x.com/butterfyya/status/1880614755125395492","1726628147175821312","butterfyya"
"1880260876718243958","Sat Jan 18 13:52:46 +0000 2025","0","@tanyakanrl Semoga setelah ini doktif ga jera.. masyarakat butuh edukasi","1880614311355383898","","tanyakanrl","in","Jakarta Capital Region","0","0","0","https://x.com/2025fixkayaraya/status/1880614311355383898","1819261005060624384","2025fixkayaraya"
"1880260876718243958","Sat Jan 18 13:52:42 +0000 2025","0","@allaboutndiie @tanyakanrl Setuju bgt sii Q mantan pemakai krim e-tiket Gara2 doktif langsung hijrah","1880614293533815017","","allaboutndiie","in","","0","0","0","https://x.com/rofiqoh_12/status/1880614293533815017","1569853290560749569","rofiqoh_12"
"1880613829383782676","Sat Jan 18 13:50:51 +0000 2025","0","i need someone to ngerangkum berita doktif and jelasin pelan pelan ke orang lemot ini (aku)","1880613829383782676","","","in","Salford, England","0","2","0","https://x.com/holybloker/status/1880613829383782676","1418939940054970379","holybloker"
"1880413559273992428","Sat Jan 18 13:50:05 +0000 2025","0","@kegblgnunfaedh baik doktif dan drl sama-sama ngeselin dua orang bermasalah","1880613634923172293","","kegblgnunfaedh","in","","0","0","1","https://x.com/tretannika/status/1880613634923172293","1693185172198592513","tretannika"
"1880437537719935011","Sat Jan 18 13:49:13 +0000 2025","7","@whoopziiy sipaling menolong masyarakat ya iyalah gobloookkkk trs klo ga ada doktif jg ga bkl tau produk itu bnran bagus dan ber BPOM atau enggaa ihhh lemess bgtt tu botiii","1880613417171705884","","whoopziiy","in","","0","0","0","https://x.com/_butterfly14/status/1880613417171705884","1507716516220833792","_butterfly14"
"1880437537719935011","Sat Jan 18 13:49:00 +0000 2025","0","@whoopziiy Tinggi juga doktif ya","1880613364814242084","","whoopziiy","in","","0","0","0","https://x.com/Aliensa10/status/1880613364814242084","3069648476","Aliensa10"
"1880302870760771980","Sat Jan 18 13:48:46 +0000 2025","0","@tanyarlfes Doktif","1880613304764420182","","tanyarlfes","in","","0","0","0","https://x.com/Im90sagh/status/1880613304764420182","1809075257615208448","Im90sagh"
"1880260876718243958","Sat Jan 18 13:47:19 +0000 2025","5","@SJjs06 @tanyakanrl gua gaakan ngebela doktif² ini secara membabi buta dan ya emng akan ada kemungkinan doktif akan jadi richard ke-2 (tapi semoga engga).. tapi khusus masalah ini tuh keknya si brand itu emng udh keterlaluan dan ga mau rugi a.k.a ga mau bangkrut (juga pastinya). intinya BANGSATTT!!","1880612941210530057","","SJjs06","in","Indonesia","0","0","0","https://x.com/passbybluu/status/1880612941210530057","1562296564588367872","passbybluu"
"1880302870760771980","Sat Jan 18 13:47:06 +0000 2025","2","@M1LFUTURE @nature69_ @WhoEmAi__ @tanyarlfes Muka aslinya Ya muka doktif. Mau muka siapa lagi? ","1880612883660456218","","M1LFUTURE","in","L & N","0","1","0","https://x.com/pena_kantor/status/1880612883660456218","1639016166537715712","pena_kantor"
"1880612774805647765","Sat Jan 18 13:46:40 +0000 2025","0","sebanyak apapun duit ga akan bisa beli attitude kecerdasan emosional dan ttp tenang walaupun di intimidasi dan olok olok. good job doktif semoga doktif dalam lindungan Allah Swt","1880612774805647765","","","in","","0","0","0","https://x.com/beargyuwon/status/1880612774805647765","1537083563103125505","beargyuwon"
"1880612461910601906","Sat Jan 18 13:45:25 +0000 2025","0","Gue tuh lucu liatnya masih ada yg kaget dan ga nyaman sama karakter tegas dan 'galak' macem doktif bagi gue tuh biasa bgt karna bokap gue begitu anjer. Udh kebal kalo hadepan ma org galak karna gue bs langsung faham intensi mereka yg rata2 pada baik yg galak2 tuh","1880612461910601906","","","in","🇵🇸✊","0","1","0","https://x.com/aaaanilla/status/1880612461910601906","1503724449941508099","aaaanilla"
"1880612354888806779","Sat Jan 18 13:45:00 +0000 2025","0","Dari kisah doktif &amp; ss kita bisa belajar bahwa.. boti pada bgini kah? Yg punya masalah siapa yg maju si boti yg ngeroyok si boti lemes bgt ti mulut. Boti emg pada mainnya labrakan &amp; lemes kh? Maap jd keinget kejadian smt 5 ajg wkwkwkwkwkwk goblokk bet si lemes","1880612354888806779","","","in","","1","0","0","https://x.com/hzlnutgurl/status/1880612354888806779","1101729298984054784","hzlnutgurl"
"1880302870760771980","Sat Jan 18 13:44:42 +0000 2025","0","@nonaaneee @tanyarlfes Dan w yakin sebenarnya mereka dukung doktif orang kalau melek ilmu bakal dukung doktif sih. Karena semenjak ada doktif dia jadi parameter buat beli skin care","1880612282952220681","","nonaaneee","in","Tangerang","0","0","0","https://x.com/BananaLeaker95/status/1880612282952220681","3109063002","BananaLeaker95"
"1880457833298415973","Sat Jan 18 13:44:25 +0000 2025","0","@aoarashio kak u paham gak sih kenapa doktif gamau jawab pertanyaannya?","1880612210084614459","","aoarashio","in","","0","0","0","https://x.com/usawubefore/status/1880612210084614459","1647971171781197824","usawubefore"
"1880612128874500508","Sat Jan 18 13:44:06 +0000 2025","3","percayakan bpom saja kata ss. padahal pas kita percaya 1. anak gagal ginjal krn obat sirup yg diresepkan dari rs ( sudah lolos bpom ) 2. skincare lolos bpom padhal mengandung bahan berbahaya ditarik kalau udah viral ada yg kasih bukti. #doktif #shellasaukia #dokterdetektif","1880612128874500508","","","in","","0","0","0","https://x.com/ayyasnh/status/1880612128874500508","233166967","ayyasnh"
"1880302870760771980","Sat Jan 18 13:43:09 +0000 2025","23","@tanyarlfes Gw masih aja heran sm yg bilang kl doktif mlanggar kode etik.. Heyy longorr....kalo gak gitu gak akan terbongkar bobroknya bisnis skincare di indonesia..terlebih ownernya banyak yg bergelar DOKTER..bukannya ngasih manfaat malah memanfaatkan!","1880611890663207384","","tanyarlfes","in","yojooo","0","1","0","https://x.com/banniasegaf/status/1880611890663207384","1777272547018760192","banniasegaf"
"1880604377410633991","Sat Jan 18 13:42:06 +0000 2025","0","@sunchakoneww dulu fadelnya loly sekarang doktif ","1880611626858291277","","sunchakoneww","in","🧚‍♀️🌷🪷🩷🦄🍭🎀🧸💦","0","1","0","https://x.com/itsyourbubygurl/status/1880611626858291277","1482284637884157964","itsyourbubygurl"
"1880406034566586401","Sat Jan 18 13:40:50 +0000 2025","0","@convomf Klo diliat dri 3 sisi (bpom doktif ss) sih gada yg bener yh","1880611307432677417","","convomf","in","","0","0","0","https://x.com/NiskooNis/status/1880611307432677417","911916019","NiskooNis"
"1880437537719935011","Sat Jan 18 13:40:24 +0000 2025","0","@whoopziiy Sakit hti pas di panda anjink bilang tua bangka ke asisten doktif","1880611197449576599","","whoopziiy","in","Kota Palembang, Sumatera Selat","0","0","0","https://x.com/Arisast2/status/1880611197449576599","1137603184938049537","Arisast2"
"1880406034566586401","Sat Jan 18 13:40:05 +0000 2025","5","@zizifau @smartgirl1506 @convomf mba produk yg direview doktif yg dipermasalahin ss semalem itu yg gada labelnya dan ss bilang di podcast drl klo produk yg gada label itu ada suratnya antara mitra dg pihak ss otomatis ss tau dong mitranya siapa aja nah klo doktif bilang yg ada tu mitra disogok atau terancam","1880611120437952948","","zizifau","in","","0","0","0","https://x.com/justmine00_00/status/1880611120437952948","1766090048787947520","justmine00_00"
"1880199634490212617","Sat Jan 18 13:39:52 +0000 2025","0","@Rhatomi @aidiljapnur Mirip topeng doktif ka","1880611063626141879","","Rhatomi","in","","0","0","0","https://x.com/unbothered__me/status/1880611063626141879","1106773178292928512","unbothered__me"
"1880467691284361666","Sat Jan 18 13:39:39 +0000 2025","2","@mashi1ho @oiokeenan @Hyaaluronic susah kak jelasin ke dia ngerti netral apaan aja kaga paham keknya emg dasarnya nyari2 perspektif lain aja biar doktif ada kurangnya. skrg gini deh kl emg mau yg bener2 100% ga ada jualan ya siape? dah 2025 jg kaga ada yg sampe seefort doktif kan. protes aja bisanya ","1880611009020428632","","mashi1ho","in","","0","1","0","https://x.com/usawubefore/status/1880611009020428632","1647971171781197824","usawubefore"
"1880277534836998531","Sat Jan 18 13:38:40 +0000 2025","2","dari live doktif tadi malem aku menyimpulkan yang dia lakukan yaitu elegan adalah kunci sumber data wajib di lindungi. tapi dibukanya di pengadilan itu namanya berkelas. You win doktif. 300ribu orang nonton live nya","1880610760440861096","","ayyasnh","in","","0","0","0","https://x.com/ayyasnh/status/1880610760440861096","233166967","ayyasnh"
"1880610749158199739","Sat Jan 18 13:38:37 +0000 2025","0","[DOKTIF APPROVED] SLAVINA Body Lotion Memutihkan Red Opium Niacinamide with Serum Burst Glutathione Moisturizing Whitening Handbody Wangi Tahan Lama Cek sekarang! https://t.co/hLIC4F6FOY https://t.co/D8MP124zPb","1880610749158199739","https://pbs.twimg.com/media/GhlFgdabIAAiAnB.jpg","","in","","0","0","0","https://x.com/sandyou26/status/1880610749158199739","1768420888297566208","sandyou26"
"1880610393099473299","Sat Jan 18 13:37:12 +0000 2025","2","gw denger doktif dihina hina bopeng sama sahrul dan panda bencong itu sakit hati banget ya emang kita mau punya bopeng? ya engga bencong! apalagi doktif bilang bopeng karena rawat pasien covid semoga tuhan yang balas mulut jahatnya dua bencong itu","1880610393099473299","","","in","H","0","0","0","https://x.com/mikimikimiaw/status/1880610393099473299","1607694481733877767","mikimikimiaw"
"1880406034566586401","Sat Jan 18 13:34:58 +0000 2025","1","@JZazilah @zizifau @smartgirl1506 @convomf kaga ada pemerasan. chat yg dikirim si shella aja dia mohon mohon sama doktif. bilang mau kasih apapun ke doktif tapi doktif gamauu ","1880609833055027526","","JZazilah","in","","0","0","0","https://x.com/bulanpurnamaax/status/1880609833055027526","1823141428723408896","bulanpurnamaax"
"1880609140177002508","Sat Jan 18 13:32:13 +0000 2025","0","Seru bgt ntn Shella Shaukia vs Doktif ekwkwk","1880609140177002508","","","in","Jakarta Capital Region","0","0","0","https://x.com/alien_kampung/status/1880609140177002508","1060856083898482689","alien_kampung"
"1880608900573254087","Sat Jan 18 13:31:16 +0000 2025","0","ikut pusing gara2 doktif nikmir sama ss wkwkwkw tp seru","1880608900573254087","","","in","purwokerto","0","0","0","https://x.com/pureeeblissss/status/1880608900573254087","1043720641424179200","pureeeblissss"
"1880302870760771980","Sat Jan 18 13:30:44 +0000 2025","52","@Gitbelle @tanyarlfes RALAT. Bukan bisa jadi. Tapi Doktif memang tidak memberitahu siapa yg menjual karena memang melindungi identitas penjual itu. Clear ya asw https://t.co/YIM8lPOK7L","1880608767072702607","https://pbs.twimg.com/ext_tw_video_thumb/1880608714404835328/pu/img/QJMN0bESc9QFVix4.jpg","QingxuanMw","in","","1","1","3","https://x.com/QingxuanMw/status/1880608767072702607","1527190514075770881","QingxuanMw"
"1880302870760771980","Sat Jan 18 13:27:32 +0000 2025","1","@kepoamat2_ @tanyarlfes Iya q jg udh lama gak ngikutin doktif tp q suka diem dan senyumnya doktif ngadepin orang yg pada kesurupan ","1880607961086828888","","kepoamat2_","in","","0","0","0","https://x.com/ayunaa178/status/1880607961086828888","1223527219709898752","ayunaa178"
"1880437537719935011","Sat Jan 18 13:26:18 +0000 2025","0","@aliwijayawahid @whoopziiy Gw jg bisa komen BPOM dibayar ss buat nyetop review2 doktif","1880607651362705627","","aliwijayawahid","in","E&D","0","0","0","https://x.com/andlllsos/status/1880607651362705627","1530616986870624256","andlllsos"
"1880607586271330332","Sat Jan 18 13:26:03 +0000 2025","0","slr ke cust karena lagi mandi slr ke cust karena lagi eeq slr ke cust karena mantengin drama doktif dan ss seru banget jir...","1880607586271330332","","","in","open until rich, FASTRESP WA ","0","0","0","https://x.com/kin_love_bot/status/1880607586271330332","1334887946852265984","kin_love_bot"
"1880607278719701017","Sat Jan 18 13:24:49 +0000 2025","0","seru jg nontonin ss sama doktif","1880607278719701017","","","in","","0","0","0","https://x.com/miyowniy/status/1880607278719701017","1664469991385862149","miyowniy"
"1880302870760771980","Sat Jan 18 13:23:44 +0000 2025","0","@harahap_ai70232 @iwnnabeURBF @tanyarlfes bukan membela sih doktif jg kasian sm nasib reseller SS ini. doktif mau ngasitau ke netizen indonesia kelakuan SS ke reseller nya. mungkin haters doktif gabisa merasakan apa yg dirasakan oleh reseller SS krn blm pernah di posisi mereka","1880607004701700604","","harahap_ai70232","in","","0","0","0","https://x.com/whoszarinn/status/1880607004701700604","1232606295796207618","whoszarinn"
"1880606542875238546","Sat Jan 18 13:21:54 +0000 2025","0","gw tim doktif yak gasabar nunggu prat duwa seruuu bet ","1880606542875238546","","","in","Indonesia","0","1","0","https://x.com/abcdimples/status/1880606542875238546","401322090","abcdimples"
"1880302870760771980","Sat Jan 18 13:21:31 +0000 2025","0","@iwnnabeURBF @tanyarlfes hah anjir sampe doktif di toyor kepalanya???","1880606446246862967","","iwnnabeURBF","in","𝗄𝗈𝗈︭𝗄 ،، 𝗯𝘂𝗻  ˖ ♡̷̸. 𖧧","0","0","0","https://x.com/bizzlegguk/status/1880606446246862967","1116265345780600832","bizzlegguk"
"1880260876718243958","Sat Jan 18 13:21:11 +0000 2025","2","@tanyakanrl Semangat doktif","1880606364126552350","","tanyakanrl","in","","0","0","0","https://x.com/DesiMardia83874/status/1880606364126552350","1739094714065068032","DesiMardia83874"
"1880605932654370977","Sat Jan 18 13:21:10 +0000 2025","1","But big thanks to doktif jadi ngerti ga semua produk skincare sesuai dengan claim","1880606357197639721","","afinasyif","in","","0","0","0","https://x.com/afinasyif/status/1880606357197639721","1237217801812639747","afinasyif"
"1880585225681690977","Sat Jan 18 13:20:34 +0000 2025","9","@Chanyul124714 @TiffkatelyKate gabisaaa sayangg karna itu bakal jadi barang bukti nantinya dan doktif juga menjaga keamanan saksi.","1880606208429793457","","Chanyul124714","in","Indonesia","0","1","1","https://x.com/zsaskiazz/status/1880606208429793457","1095038046251081728","zsaskiazz"
"1880437537719935011","Sat Jan 18 13:20:29 +0000 2025","2","@whoopziiy W malah salfok sama dokter Ika yg dilabrak malah kabur wkwkwk. Doktif yu pilih2 temen bnyak yg berpihak sama kamu tp blm tentu bener2 teman wkwkwk liat aja yg disana pada kabur semua itu.","1880606185843491071","","whoopziiy","in","","0","4","0","https://x.com/hzlntcho/status/1880606185843491071","1141693089066524672","hzlntcho"
"1880579286870143053","Sat Jan 18 13:20:12 +0000 2025","0","@labyumwah doktif who","1880606113688866923","","labyumwah","in","he/him","0","0","0","https://x.com/sweetzaex/status/1880606113688866923","1837890574260883459","sweetzaex"
"1880605932654370977","Sat Jan 18 13:19:28 +0000 2025","0","Sorry to say tapi benerbener pusing melihat problem shella dan doktif:(((","1880605932654370977","","","in","","0","1","0","https://x.com/afinasyif/status/1880605932654370977","1237217801812639747","afinasyif"
"1880302870760771980","Sat Jan 18 13:19:12 +0000 2025","5","@harahap_ai70232 @iwnnabeURBF @tanyarlfes Mending nonton youtube densu dulu deh yg ada doktif ini yg sama dokter richard jauh sblm dia muncul ke sosmed dia udh ngumpulin daa2 produk overclaim atau produk berbahaya pake uang dia sendiri","1880605863192440888","","harahap_ai70232","in","","0","0","0","https://x.com/Rainafeed/status/1880605863192440888","1600721941073395712","Rainafeed"
"1880604377410633991","Sat Jan 18 13:18:33 +0000 2025","0","@sunchakoneww WKWMWMW DOKTIF TU SP JINK","1880605701787341254","","sunchakoneww","in","he","0","1","0","https://x.com/rrdnn_/status/1880605701787341254","1739814007048179712","rrdnn_"
"1880302870760771980","Sat Jan 18 13:17:33 +0000 2025","5","@hyy_sfr @mikemayvitaa @tanyarlfes entarlah liat kaya gmn jadinya kurang wise jg si melabrak kaya gt. bisa diomongin baik baik gaperlu tunjuk tunjuk gt. apalagi doktif nanggepinnya santai bawaannya tenang. jadi aneh aja kl ngelabraknya kaya gitu gak elegan","1880605447398502792","","hyy_sfr","in","","0","0","0","https://x.com/whoszarinn/status/1880605447398502792","1232606295796207618","whoszarinn"
"1880437537719935011","Sat Jan 18 13:17:04 +0000 2025","2","@ccoolkith @KnullS9 @elsayul_twt @whoopziiy Nah karena menurutku emg gada yg bisa di percaya semua. BPOM lemah doktif juga aga gmna ya tp emg bukan wewenang dia untuk koar2 juga kak. Kuncinya kita harus lebih cerdas lg klo milih skincare.","1880605325369495771","","ccoolkith","in","","0","1","0","https://x.com/Riri__ssi/status/1880605325369495771","1448972920584241153","Riri__ssi"
"1880604862733525240","Sat Jan 18 13:15:13 +0000 2025","2","Kembalikan timelineku yg berisikan cwk cwk gemesh. Kenapa yg lewat semuanya doktif atau Om Deddy.","1880604862733525240","","","in","Better Planet","0","1","0","https://x.com/EkorIkan/status/1880604862733525240","843094360690315264","EkorIkan"
"1880437537719935011","Sat Jan 18 13:14:26 +0000 2025","1","@whoopziiy Aura aura megahnya doktif keliatan bngt pass berdiri. Ga salah doktif emng sekeren it dlem smpe luar2nya","1880604662493315253","","whoopziiy","in","Kota Makassar, Sulawesi Selata","0","0","0","https://x.com/puung03/status/1880604662493315253","776152216981741568","puung03"
"1880604377410633991","Sat Jan 18 13:13:18 +0000 2025","2","gue ada kali ya 5 menit ngetawain twt yg bilang doktif mirip joong i mean that s too random bruh","1880604377410633991","","","in","🇯🇵","0","6","0","https://x.com/sunchakoneww/status/1880604377410633991","1628583580573270017","sunchakoneww"
"1880260876718243958","Sat Jan 18 13:12:34 +0000 2025","1","@allaboutndiie @tanyakanrl aku aja skrg make hanasui gara2 doktif wkwk","1880604192399917141","","allaboutndiie","in","","0","1","0","https://x.com/superrr_al/status/1880604192399917141","1855084360841805825","superrr_al"
"1880302870760771980","Sat Jan 18 13:12:04 +0000 2025","4","@BananaLeaker95 @tanyarlfes banyakan buzzer sih nder aku cek akun mereka yang nyerang doktif rata rata ya emng buzzer","1880604067749372388","","BananaLeaker95","in","","0","1","0","https://x.com/nonaaneee/status/1880604067749372388","1651110340934139909","nonaaneee"
"1880260876718243958","Sat Jan 18 13:11:07 +0000 2025","0","@araxx1720 @tanyakanrl Klo aku jd doktif udh gemes bgt pengen nonjok org2 itu","1880603829278048362","","araxx1720","in","","0","0","0","https://x.com/itsyrslf/status/1880603829278048362","1134177302537953280","itsyrslf"
"1880302870760771980","Sat Jan 18 13:09:23 +0000 2025","0","@tanyarlfes trs ini doktif tuh masih boleh review atau ngga deh?","1880603391069765697","","tanyarlfes","in","","0","0","0","https://x.com/ampunbangckp/status/1880603391069765697","1411132867095121920","ampunbangckp"
"1880260876718243958","Sat Jan 18 13:07:31 +0000 2025","1","@Crowthepp @tanyakanrl Karena doktif jaga keamanan resellernya si uler... diterusin lah sama NM dikasih liat kalo memang produk2 busuknya mereka masih dijual reseller ","1880602921362231448","","Crowthepp","in","","0","0","0","https://x.com/DiSyihab99604/status/1880602921362231448","1680130162669813760","DiSyihab99604"
"1880602418792255777","Sat Jan 18 13:05:31 +0000 2025","0","Owner SS dalam hati: Buset keren bgt gue Padahal mah dgn dia kayak begitu lebih membuktikan lagi kalau dia tuh bener² beda kelas sama doktif‍↔️‍↔️","1880602418792255777","","","in","","0","0","0","https://x.com/hzlnut_95/status/1880602418792255777","306850616","hzlnut_95"
"1880602285560254717","Sat Jan 18 13:04:59 +0000 2025","1","Topik minggu ini: ️ Agus doktif makan gratis","1880602285560254717","","","in","","0","1","0","https://x.com/bitterchocooooo/status/1880602285560254717","1356835317190324224","bitterchocooooo"
"1880602036565393598","Sat Jan 18 13:04:00 +0000 2025","0","Gue dh prnh bilang blomsi.. klo doktif tuh mirip bgt sama Joong archen ","1880602036565393598","","","in","rant, dnf.","1","0","0","https://x.com/depoynim/status/1880602036565393598","1317541471113814016","depoynim"
"1880260876718243958","Sat Jan 18 13:03:23 +0000 2025","3","@rumputisgrass @tanyakanrl Doktif tipe emak2 galak keknya... belum tau sja para geng botita itu... ","1880601883976638495","","rumputisgrass","in","","0","0","0","https://x.com/DiSyihab99604/status/1880601883976638495","1680130162669813760","DiSyihab99604"
"1880260876718243958","Sat Jan 18 13:01:58 +0000 2025","0","@oomunskim @tanyakanrl ak tim doktif lawan pasukan boti","1880601524696650200","","oomunskim","in","20","0","0","0","https://x.com/blueinfake/status/1880601524696650200","1523638508803727360","blueinfake"
"1880593076026282147","Sat Jan 18 13:01:46 +0000 2025","0","@DewiTuwuh Fix doktif bangga","1880601478014140639","","DewiTuwuh","in","Indonesia","0","1","0","https://x.com/aipsnbrp/status/1880601478014140639","1710685165922738176","aipsnbrp"
"1880601244844376284","Sat Jan 18 13:00:51 +0000 2025","6","Malam minggu ready vcs Doktif Nahan #vcs #vcshijab https://t.co/XykcWJgK4Z","1880601244844376284","https://pbs.twimg.com/media/Ghk83ArawAAxYnz.jpg","","in","Link wa 👉","1","0","4","https://x.com/biskkuiit/status/1880601244844376284","3286158542","biskkuiit"
"1880594634067599635","Sat Jan 18 12:34:35 +0000 2025","0"," Skripsimu nggak kunjung ACC gara-gara uji regresi? Jangan risau Joki SPSS beresin data kamu dalam 1-3 jam! Aman cepat valid. Yuk chat sekarang! ‍️ #zonauang #zonaba doktif #jokitugas #skripsi #jokithesis #LoveScout #WhenThePhoneRings #CHIQUITA Ria SW Jennie Carmen","1880594634067599635","","","in","Open, Klik WA ➡️","0","0","0","https://x.com/thegreatestpart/status/1880594634067599635","1126106615025766400","thegreatestpart"
"1880594190406668552","Sat Jan 18 12:32:49 +0000 2025","1","Rekomendasi Azka Slot Gacor Malming Info Slot selebgram hits 2025 Terbaik Malam ini RTP Paling Tinggi Mudah Maxwin Malam Minggu LINK SLOT GACOR : https://t.co/SGLCAXI6ky - - - - - nahan doktif Spesialis shawn mendes arisa wall to wall ichan Letkol Persibo https://t.co/M9z6NAAWAK","1880594190406668552","https://pbs.twimg.com/ext_tw_video_thumb/1880594178100625408/pu/img/xc7cw0xusrtDCLnP.jpg","","in","","0","0","0","https://x.com/routegacor/status/1880594190406668552","1692664174000889856","routegacor"
"1880593649299550594","Sat Jan 18 12:30:40 +0000 2025","1"," Sesuai gambar https://t.co/B2c7U9RH6P JOIN TELEGRAM : https://t.co/BJfThqcV6U Malam Minggu malming Dedi nahan selebgram hits 2025 doktif https://t.co/QSx3Sf1J7M","1880593649299550594","https://pbs.twimg.com/media/Ghk184vb0AATkU3.jpg","","in","","0","0","0","https://x.com/WarungBackup/status/1880593649299550594","1842656167178412032","WarungBackup"
"1880593365798199790","Sat Jan 18 12:29:32 +0000 2025","1","Rekomendasi Azka Slot Gacor Malming Info Slot selebgram hits 2025 Terbaik Malam ini RTP Paling Tinggi Mudah Maxwin Malam Minggu LINK SLOT GACOR : https://t.co/dT1ptwvwtY - - - - - nahan doktif Spesialis shawn mendes arisa wall to wall ichan Letkol Persibo https://t.co/0u8aX0qe8Q","1880593365798199790","https://pbs.twimg.com/ext_tw_video_thumb/1880593322412273664/pu/img/CUEcZ0pZ3KawZQ-S.jpg","","in","","0","0","0","https://x.com/routegacor/status/1880593365798199790","1692664174000889856","routegacor"
"1880302870760771980","Sat Jan 18 12:28:40 +0000 2025","8","@rindubeneran @cocksucka1234 @tanyarlfes wkwkw rill masih ada aja yg bela org yg udh jelas jelas salah. Overclaim + melabrak rame rame nunjuk nunjuk ke korban. Berusaha mencari identitas pemberian barang bukti mau mukul doktif. Kena pasal berlapis itu si SS Belum lgi kalau ketauan suap atau ga","1880593144443806032","","rindubeneran","in","s/h  02l♡ ","0","0","0","https://x.com/aileevanka/status/1880593144443806032","1363181534774104074","aileevanka"
"1880302870760771980","Sat Jan 18 12:28:25 +0000 2025","2","@DiSyihab99604 @iyoonah60 @tanyarlfes Kalo yg dari aku tangkap di akun dr richard dia ngakui kok dan udh di tegur bpom trus di stop sm dia kosmetik ini yg buat dia marah krim mc itu udh 2 tahun lalu distop skrg tbtb di review doktif ibaratnua udh selesai di buka lagi dan pas dia nanya dapat di mana ga dijwb","1880593083521487259","","DiSyihab99604","in","","1","2","0","https://x.com/baniswityy/status/1880593083521487259","1446430734474829827","baniswityy"
